0_x,0_y,0_z,1_x,1_y,1_z,2_x,2_y,2_z,3_x,3_y,3_z,4_x,4_y,4_z,5_x,5_y,5_z,6_x,6_y,6_z,7_x,7_y,7_z,8_x,8_y,8_z,9_x,9_y,9_z,10_x,10_y,10_z,11_x,11_y,11_z,12_x,12_y,12_z,13_x,13_y,13_z,14_x,14_y,14_z,15_x,15_y,15_z,16_x,16_y,16_z,17_x,17_y,17_z,18_x,18_y,18_z,19_x,19_y,19_z,20_x,20_y,20_z,label
0.48765358328819275,0.9058103561401367,-6.903680116465694e-08,0.46442732214927673,0.7776130437850952,-0.012868505902588367,0.42649155855178833,0.6922716498374939,-0.027796564623713493,0.3857053518295288,0.6052204370498657,-0.038375094532966614,0.3667716979980469,0.5357528924942017,-0.04678093269467354,0.3319631814956665,0.7361100316047668,-0.039279304444789886,0.28721895813941956,0.7185766696929932,-0.03707648813724518,0.3205653429031372,0.7292693257331848,-0.03105405904352665,0.3503444194793701,0.7442010641098022,-0.027498899027705193,0.3085147738456726,0.8169698119163513,-0.03510449454188347,0.27545052766799927,0.7788928151130676,-0.02434222400188446,0.30702701210975647,0.7829679250717163,-0.015079237520694733,0.3366674780845642,0.7985065579414368,-0.01426231674849987,0.3017805516719818,0.8914756774902344,-0.02822626568377018,0.2785172164440155,0.8440226316452026,-0.014232560992240906,0.3022633194923401,0.8461720943450928,-0.0023770786356180906,0.3296159505844116,0.862844705581665,-0.0017040737438946962,0.3039991557598114,0.9523923993110657,-0.0222182460129261,0.29109472036361694,0.9089441299438477,-0.011166950687766075,0.3127835988998413,0.9088643789291382,0.0017524223076179624,0.33270981907844543,0.9190368056297302,0.00905719306319952,no
0.49991780519485474,0.9128329157829285,1.6440454331245746e-08,0.4688737094402313,0.7869272232055664,-0.009568285197019577,0.4299550950527191,0.6939390301704407,-0.024219321087002754,0.3853053152561188,0.6119652986526489,-0.03518182411789894,0.36351826786994934,0.5445867776870728,-0.0431741401553154,0.33378514647483826,0.7457712888717651,-0.03490595519542694,0.2901485562324524,0.7190622091293335,-0.033649832010269165,0.32241231203079224,0.7259012460708618,-0.028150979429483414,0.35445377230644226,0.7413773536682129,-0.02400355041027069,0.31014320254325867,0.8258277177810669,-0.031227556988596916,0.27853766083717346,0.7800552845001221,-0.020873887464404106,0.3100082278251648,0.7809343338012695,-0.012114081531763077,0.3406362235546112,0.7961176633834839,-0.010637648403644562,0.3034322261810303,0.8970298767089844,-0.024437153711915016,0.2784290611743927,0.8429621458053589,-0.009248883463442326,0.3045562207698822,0.8424359560012817,0.003761040512472391,0.3348521590232849,0.8572010397911072,0.005786309950053692,0.3062354326248169,0.9547262191772461,-0.01836438849568367,0.29239872097969055,0.9076670408248901,-0.005838850978761911,0.3160320520401001,0.9055160284042358,0.007750669959932566,0.33748146891593933,0.9144009351730347,0.016262700781226158,no
0.4709371030330658,0.871122419834137,-5.3914785524966646e-08,0.44937577843666077,0.7507585287094116,-0.004710533656179905,0.41458451747894287,0.6582176089286804,-0.015269010327756405,0.376874178647995,0.5804224014282227,-0.025745434686541557,0.359540730714798,0.5142314434051514,-0.03481687977910042,0.31799954175949097,0.7050219774246216,-0.016031580045819283,0.2949832081794739,0.6893681287765503,-0.019241338595747948,0.32285812497138977,0.6979692578315735,-0.022266481071710587,0.35300517082214355,0.7118487358093262,-0.02367470972239971,0.2964836359024048,0.7767059803009033,-0.016707150265574455,0.2861623764038086,0.7464855313301086,-0.008349315263330936,0.3137248158454895,0.7493973970413208,-0.005669803358614445,0.34114977717399597,0.7630950808525085,-0.008211221545934677,0.2916286587715149,0.8427290916442871,-0.015838993713259697,0.2903309464454651,0.8018614649772644,-0.0034844668116420507,0.3129865527153015,0.8045278787612915,0.00450681010261178,0.33954697847366333,0.8175649046897888,0.004165739752352238,0.2949031889438629,0.9002042412757874,-0.016208156943321228,0.29954448342323303,0.8625604510307312,-0.004839968867599964,0.3225752115249634,0.8610291481018066,0.0058499774895608425,0.3423926532268524,0.8693531155586243,0.012429525144398212,no
0.4725426435470581,0.8518469929695129,-8.386029293205866e-08,0.4491739273071289,0.7350610494613647,-0.005714070051908493,0.4140855073928833,0.6465219259262085,-0.016326013952493668,0.3775610029697418,0.5701733827590942,-0.026804974302649498,0.3590463399887085,0.5073164701461792,-0.03744989261031151,0.31401386857032776,0.6855283379554749,-0.01784704253077507,0.3027646541595459,0.696678638458252,-0.01942272111773491,0.3310692310333252,0.71357661485672,-0.023539092391729355,0.35604703426361084,0.7268813252449036,-0.02729739062488079,0.2935229241847992,0.7591188549995422,-0.019487354904413223,0.28986871242523193,0.7512935996055603,-0.011876692064106464,0.3168305456638336,0.7601801753044128,-0.012613045051693916,0.34443199634552,0.7747580409049988,-0.01766122318804264,0.29238298535346985,0.8294597864151001,-0.01887241192162037,0.29395928978919983,0.813313364982605,-0.008616261184215546,0.3162468373775482,0.8188026547431946,-0.00387183902785182,0.3422047197818756,0.8298563957214355,-0.006049336399883032,0.2996104657649994,0.8912494778633118,-0.019200870767235756,0.30695846676826477,0.8772473335266113,-0.010994495823979378,0.32840755581855774,0.8749343156814575,-0.0022213198244571686,0.3467462658882141,0.8776890635490417,0.0036092742811888456,no
0.4671403467655182,0.8281760811805725,-1.1186438797494702e-07,0.44857415556907654,0.7199752926826477,-0.006259588059037924,0.42010974884033203,0.6278793811798096,-0.0170725267380476,0.38875827193260193,0.5551844239234924,-0.029120909050107002,0.37482911348342896,0.4960067570209503,-0.042214278131723404,0.3171326220035553,0.6691156625747681,-0.01234493125230074,0.30583637952804565,0.6822186708450317,-0.02033401094377041,0.33144426345825195,0.701582133769989,-0.031898532062768936,0.35658448934555054,0.714397668838501,-0.04001995921134949,0.2965180277824402,0.7391980886459351,-0.015509115532040596,0.2961832582950592,0.7428749799728394,-0.01412036269903183,0.3207179009914398,0.75494384765625,-0.02039487473666668,0.34722378849983215,0.7648982405662537,-0.028204016387462616,0.293250173330307,0.8079180121421814,-0.01757260039448738,0.2989886999130249,0.8034059405326843,-0.013276766985654831,0.3200102150440216,0.8112709522247314,-0.011978157795965672,0.3455974757671356,0.8180160522460938,-0.014913528226315975,0.2978366017341614,0.869910478591919,-0.020901262760162354,0.3069019913673401,0.8677368760108948,-0.016939673572778702,0.3293001055717468,0.8662750720977783,-0.01018576044589281,0.3490467071533203,0.8644546866416931,-0.004756258334964514,no
0.4842957854270935,0.8087106943130493,-1.5401373332224466e-07,0.4647086560726166,0.6997710466384888,-0.004780282266438007,0.4391629695892334,0.6115685701370239,-0.015602842904627323,0.40942367911338806,0.53995680809021,-0.02773621678352356,0.39609283208847046,0.48081648349761963,-0.03987085074186325,0.3359690308570862,0.6507762670516968,-0.009765949100255966,0.3094409704208374,0.6537359952926636,-0.016200993210077286,0.3358922004699707,0.6733682155609131,-0.024679001420736313,0.367245614528656,0.6874452829360962,-0.030240755528211594,0.3152462840080261,0.7172257304191589,-0.01311611570417881,0.3058473765850067,0.7159056067466736,-0.009838203899562359,0.33123522996902466,0.7290918231010437,-0.014124765992164612,0.3579905331134796,0.7395040988922119,-0.020456679165363312,0.3128739893436432,0.7812771201133728,-0.015435293316841125,0.31052637100219727,0.7770566344261169,-0.010573356412351131,0.33229947090148926,0.7862284183502197,-0.007997926324605942,0.35753801465034485,0.7928763628005981,-0.009943908080458641,0.31780993938446045,0.8377988934516907,-0.01871364563703537,0.32122859358787537,0.8364119529724121,-0.014629238285124302,0.3444770574569702,0.8386754393577576,-0.006602714769542217,0.3649371862411499,0.8384687304496765,-0.00011587603512452915,no
0.49252593517303467,0.8072112798690796,-1.8396595180547592e-07,0.47558045387268066,0.6999441385269165,-0.007647813763469458,0.44930922985076904,0.6114703416824341,-0.018911702558398247,0.4227110743522644,0.5335233807563782,-0.030545655637979507,0.4095448851585388,0.46893781423568726,-0.042893748730421066,0.3467189371585846,0.632636308670044,-0.012658089399337769,0.33888375759124756,0.655702531337738,-0.017776306718587875,0.36682724952697754,0.6781460642814636,-0.026954980567097664,0.3924713730812073,0.6893503069877625,-0.034323837608098984,0.32363536953926086,0.6984437108039856,-0.014651299454271793,0.321277379989624,0.7112770676612854,-0.010885278694331646,0.3462466299533844,0.7256094813346863,-0.015265099704265594,0.3721589744091034,0.7340493202209473,-0.022157644852995872,0.32003849744796753,0.7642464637756348,-0.015525988303124905,0.3169539272785187,0.768386960029602,-0.010683177039027214,0.3400498926639557,0.779701828956604,-0.00820027943700552,0.3655409812927246,0.7857943773269653,-0.010447547771036625,0.3263460397720337,0.8238004446029663,-0.017612172290682793,0.329475998878479,0.8277891874313354,-0.014921041205525398,0.3533344864845276,0.8319575190544128,-0.007651505526155233,0.37319299578666687,0.8323186039924622,-0.0016878193709999323,no
0.4950356185436249,0.7810293436050415,-1.2682578187650506e-07,0.4842648506164551,0.6751431226730347,-0.0034175270702689886,0.4628344476222992,0.5894052982330322,-0.014145649038255215,0.4410596787929535,0.5135977864265442,-0.026410890743136406,0.43310776352882385,0.453723669052124,-0.039324723184108734,0.37324514985084534,0.6087830066680908,-0.008741864934563637,0.33768558502197266,0.6030466556549072,-0.016427479684352875,0.3612760305404663,0.6242837309837341,-0.02539401315152645,0.39294224977493286,0.6419242024421692,-0.03049805574119091,0.3479214608669281,0.6703987717628479,-0.011175370775163174,0.3279370069503784,0.6728358864784241,-0.008188476786017418,0.3531235456466675,0.6913679242134094,-0.010905221104621887,0.37896254658699036,0.7030077576637268,-0.015932967886328697,0.33868443965911865,0.7340903282165527,-0.012883109040558338,0.32140052318573,0.7308613657951355,-0.007839400321245193,0.3436407446861267,0.7452144622802734,-0.0026591294445097446,0.3694130778312683,0.7545842528343201,-0.0026280812453478575,0.33734261989593506,0.7910648584365845,-0.015086259692907333,0.32484549283981323,0.7892647981643677,-0.00924015324562788,0.3483559191226959,0.7966221570968628,0.0019493737490847707,0.3705802261829376,0.8012192249298096,0.010403769090771675,no
0.502273440361023,0.7790279388427734,-1.3927946440617234e-07,0.4933481514453888,0.6729035377502441,-0.007388473954051733,0.47159135341644287,0.5861562490463257,-0.018758201971650124,0.44455686211586,0.5108204483985901,-0.030557898804545403,0.43633976578712463,0.44668149948120117,-0.04242168366909027,0.37613043189048767,0.6045498251914978,-0.012437057681381702,0.34860795736312866,0.5967633128166199,-0.019560202956199646,0.3771330714225769,0.6127029061317444,-0.028560584411025047,0.4078451991081238,0.6273919343948364,-0.034518513828516006,0.35093846917152405,0.665642261505127,-0.01354670524597168,0.3379583954811096,0.6618170738220215,-0.011418906971812248,0.3648272454738617,0.6764032244682312,-0.015200982801616192,0.3894393742084503,0.6887544393539429,-0.020836882293224335,0.3431364595890045,0.728596031665802,-0.013930337503552437,0.32723355293273926,0.7200130224227905,-0.011509573087096214,0.34953588247299194,0.7310500144958496,-0.0075872112065553665,0.3738963007926941,0.7413623929023743,-0.007757486775517464,0.34348565340042114,0.7864260673522949,-0.014936927706003189,0.3324888050556183,0.7804265022277832,-0.01321625430136919,0.3544577658176422,0.7851978540420532,-0.003996899351477623,0.3741317391395569,0.7898231744766235,0.003857478266581893,no
0.5054135918617249,0.7736396193504333,-1.2164508689238573e-07,0.49661552906036377,0.668125331401825,-0.006627288181334734,0.47514522075653076,0.5804637670516968,-0.01720956154167652,0.44848906993865967,0.5069105625152588,-0.028108488768339157,0.43957021832466125,0.4460904896259308,-0.03933157026767731,0.3787861764431,0.6002047657966614,-0.009362628683447838,0.37101420760154724,0.5958105325698853,-0.013549293391406536,0.3985617756843567,0.6132303476333618,-0.02265968546271324,0.4216224253177643,0.6271169185638428,-0.030064595863223076,0.35494646430015564,0.6619519591331482,-0.011052700690925121,0.3559998571872711,0.6483485698699951,-0.006507572717964649,0.3818229138851166,0.6613933444023132,-0.01079979632049799,0.4028300940990448,0.6765908002853394,-0.017701605334877968,0.34755706787109375,0.7236157059669495,-0.011617650277912617,0.3431120216846466,0.7056595683097839,-0.007221465464681387,0.3652772903442383,0.7162503600120544,-0.0036624143831431866,0.3870929479598999,0.7300106883049011,-0.004591781180351973,0.3475765287876129,0.7810214161872864,-0.012837064452469349,0.34054192900657654,0.767783522605896,-0.009335088543593884,0.36155277490615845,0.7711378931999207,0.0007608049199916422,0.3791823983192444,0.7782856225967407,0.008781053125858307,no
0.5083656907081604,0.7719799876213074,-4.3811454020215024e-08,0.5028067827224731,0.6675626039505005,-0.00831585843116045,0.48064932227134705,0.579838216304779,-0.019402192905545235,0.4567605257034302,0.5022389888763428,-0.030040878802537918,0.44676274061203003,0.4415082335472107,-0.04074130952358246,0.3790785074234009,0.5942093729972839,-0.013229643926024437,0.3755556344985962,0.591251015663147,-0.0184352844953537,0.4047120213508606,0.6085829734802246,-0.02629372477531433,0.42774099111557007,0.6246916055679321,-0.03212975338101387,0.3542153239250183,0.6562781929969788,-0.014553808607161045,0.3491862416267395,0.6378760933876038,-0.011778461746871471,0.37989088892936707,0.648045003414154,-0.014585915021598339,0.4062270522117615,0.6627916693687439,-0.01899637281894684,0.3469470739364624,0.7188931703567505,-0.014771288260817528,0.347966730594635,0.7011299133300781,-0.01139800064265728,0.37378406524658203,0.7098474502563477,-0.007345051970332861,0.3975440263748169,0.7231447100639343,-0.007110198959708214,0.34721556305885315,0.776588499546051,-0.01581619679927826,0.34937071800231934,0.7637310028076172,-0.01279309019446373,0.3739146292209625,0.7655072808265686,-0.0032454251777380705,0.39282649755477905,0.7715137004852295,0.004786102566868067,no
0.5141198635101318,0.7743837833404541,-1.2586191644459177e-07,0.505794107913971,0.6668701171875,-0.0071956682950258255,0.48251041769981384,0.5777173042297363,-0.017842352390289307,0.4586361348628998,0.5026980638504028,-0.028388874605298042,0.45533716678619385,0.4421464800834656,-0.039501357823610306,0.38006269931793213,0.5941926836967468,-0.012152484618127346,0.38734468817710876,0.5959456562995911,-0.01491395290941,0.41410309076309204,0.616382360458374,-0.022476064041256905,0.4330812692642212,0.6328393220901489,-0.02945406176149845,0.35603785514831543,0.6584444642066956,-0.01385465171188116,0.366117000579834,0.6491349339485168,-0.008915319107472897,0.39245516061782837,0.6635042428970337,-0.012345707044005394,0.4129485785961151,0.6806960701942444,-0.018655844032764435,0.34949663281440735,0.7218919992446899,-0.014009802602231503,0.355243444442749,0.7100398540496826,-0.009872794151306152,0.37889719009399414,0.7199890613555908,-0.007191442418843508,0.40049272775650024,0.7330540418624878,-0.00874638557434082,0.3511285185813904,0.7797707915306091,-0.014871234074234962,0.35492759943008423,0.7731472849845886,-0.012868285179138184,0.3786677122116089,0.7761673927307129,-0.004549567587673664,0.3970433175563812,0.7818513512611389,0.002404998755082488,no
0.5131154656410217,0.7747479677200317,-8.750426161441283e-08,0.5050765872001648,0.6674277186393738,-0.008051776327192783,0.4823906421661377,0.5774810314178467,-0.019939258694648743,0.4601256251335144,0.5012444853782654,-0.031873058527708054,0.4532907009124756,0.43947044014930725,-0.04453010484576225,0.3808269202709198,0.597062349319458,-0.01586575247347355,0.3869500458240509,0.593288004398346,-0.02084757201373577,0.4139823913574219,0.6118394732475281,-0.028736857697367668,0.4338720738887787,0.6286215782165527,-0.0353301540017128,0.3568418622016907,0.6614677906036377,-0.018009250983595848,0.3672444224357605,0.6477945446968079,-0.015475152991712093,0.39377671480178833,0.6607950925827026,-0.01984763704240322,0.41453447937965393,0.6785276532173157,-0.026485785841941833,0.35014739632606506,0.7254090905189514,-0.018663913011550903,0.35824310779571533,0.7087923884391785,-0.016065184026956558,0.3830178678035736,0.7178343534469604,-0.01386477705091238,0.40485501289367676,0.7313786149024963,-0.015573723241686821,0.35180267691612244,0.7833938598632812,-0.02003554441034794,0.3568303883075714,0.7717650532722473,-0.019181082025170326,0.3810020089149475,0.7732586860656738,-0.011416606605052948,0.39974385499954224,0.7796271443367004,-0.004747343715280294,no
0.510373055934906,0.7735705375671387,-1.1611582806381193e-07,0.5028660297393799,0.6654691100120544,-0.009489679709076881,0.48220333456993103,0.5756442546844482,-0.021959451958537102,0.4588705897331238,0.5025413632392883,-0.034107521176338196,0.45148909091949463,0.441328763961792,-0.047019485384225845,0.3806973695755005,0.6037653088569641,-0.019653987139463425,0.39196500182151794,0.6059417128562927,-0.02360139787197113,0.4182669520378113,0.6241400837898254,-0.03071051649749279,0.43537309765815735,0.6401572227478027,-0.03725401684641838,0.3575296103954315,0.6681097745895386,-0.020983748137950897,0.37413495779037476,0.6616883277893066,-0.01666470430791378,0.3986032009124756,0.6738545298576355,-0.02063833363354206,0.41608259081840515,0.6885289549827576,-0.02832348644733429,0.3517196476459503,0.7304176688194275,-0.020541872829198837,0.3661329746246338,0.7204457521438599,-0.016274061053991318,0.38908255100250244,0.7285904288291931,-0.013976428657770157,0.40818166732788086,0.7393344640731812,-0.016774030402302742,0.35399681329727173,0.7870479226112366,-0.021092910319566727,0.3628917634487152,0.7797154784202576,-0.019075248390436172,0.38693180680274963,0.7797107100486755,-0.011251348070800304,0.4054100513458252,0.7835292816162109,-0.005330297630280256,no
0.5083659887313843,0.773647665977478,-1.196636532085904e-07,0.5017415285110474,0.6669421195983887,-0.009418521076440811,0.48121774196624756,0.5786861777305603,-0.022149795666337013,0.458041250705719,0.5052254796028137,-0.03491124510765076,0.4503355622291565,0.44431835412979126,-0.04847162589430809,0.37928223609924316,0.6055090427398682,-0.02038218080997467,0.38105249404907227,0.6067845821380615,-0.02570670284330845,0.4093172550201416,0.625733494758606,-0.03285853564739227,0.43068721890449524,0.641593337059021,-0.03899600729346275,0.3570787310600281,0.6693443059921265,-0.021944226697087288,0.36871591210365295,0.6625880002975464,-0.01946059800684452,0.39506804943084717,0.674846351146698,-0.02325786091387272,0.4159950315952301,0.6881812214851379,-0.02988608554005623,0.3518523573875427,0.7317296266555786,-0.02189313806593418,0.3637062609195709,0.7220406532287598,-0.018908033147454262,0.3870096802711487,0.7302646636962891,-0.016467584297060966,0.4080384373664856,0.7389434576034546,-0.018600206822156906,0.3540397584438324,0.7887566685676575,-0.02283046394586563,0.3646334409713745,0.7826162576675415,-0.022098645567893982,0.3892834186553955,0.7837708592414856,-0.01483116764575243,0.4079281985759735,0.7862823605537415,-0.008804460987448692,no
0.5085073113441467,0.7745615839958191,-1.3023958445046446e-07,0.5015578866004944,0.6667836904525757,-0.009941075928509235,0.4805947244167328,0.5785827040672302,-0.022815529257059097,0.457452654838562,0.5052374601364136,-0.0353994220495224,0.448629766702652,0.44569599628448486,-0.04855694994330406,0.3781318962574005,0.6043835878372192,-0.023143991827964783,0.3831121623516083,0.6022113561630249,-0.029107799753546715,0.4118789732456207,0.6190826892852783,-0.036160144954919815,0.43293291330337524,0.6352348923683167,-0.04223254323005676,0.3563026785850525,0.6688679456710815,-0.024611955508589745,0.37116965651512146,0.6586291790008545,-0.022672884166240692,0.3976007103919983,0.6706792712211609,-0.026230797171592712,0.41742879152297974,0.6857118606567383,-0.03287889435887337,0.3517932593822479,0.7316892147064209,-0.02443148009479046,0.365988165140152,0.7197118997573853,-0.022104598581790924,0.3893687427043915,0.7273954153060913,-0.019485019147396088,0.40961048007011414,0.7374935150146484,-0.02156548947095871,0.3553878366947174,0.7891669869422913,-0.025249453261494637,0.3677021563053131,0.781367301940918,-0.025433018803596497,0.3920679986476898,0.7815483212471008,-0.018564235419034958,0.4099412262439728,0.7847234010696411,-0.012807046063244343,no
0.5095442533493042,0.7739919424057007,-1.173824557554326e-07,0.5020260810852051,0.6667299270629883,-0.009949474595487118,0.4803408980369568,0.5789134502410889,-0.022568220272660255,0.4569680094718933,0.505151629447937,-0.034810248762369156,0.44898805022239685,0.4463360607624054,-0.04749085009098053,0.37837138772010803,0.6050281524658203,-0.02324686199426651,0.3750569820404053,0.6002568602561951,-0.028589144349098206,0.40343087911605835,0.6171189546585083,-0.034438278526067734,0.42645394802093506,0.6338629722595215,-0.03952592611312866,0.3564859926700592,0.6690847873687744,-0.024312714114785194,0.3678894340991974,0.6598023772239685,-0.02216259203851223,0.3951142430305481,0.6711402535438538,-0.025280002504587173,0.41580095887184143,0.6851546764373779,-0.03147776424884796,0.35240405797958374,0.7320945858955383,-0.023731715977191925,0.36443597078323364,0.7213876843452454,-0.02132009156048298,0.38776344060897827,0.7277335524559021,-0.018961912021040916,0.4086567163467407,0.7368553876876831,-0.021158911287784576,0.3560144305229187,0.7896750569343567,-0.024047469720244408,0.36641165614128113,0.7840076088905334,-0.02436612732708454,0.3902292549610138,0.7834731936454773,-0.017955563962459564,0.40823403000831604,0.7856287360191345,-0.012414073571562767,no
0.5115830898284912,0.7797324061393738,-1.3529292175462615e-07,0.5030535459518433,0.6712672710418701,-0.0093771331012249,0.479489803314209,0.5813173055648804,-0.020952507853507996,0.45528873801231384,0.5077754855155945,-0.03219044208526611,0.44791075587272644,0.4473676383495331,-0.04401332512497902,0.3752773404121399,0.6063556671142578,-0.017549339681863785,0.3824635446071625,0.6096235513687134,-0.02069891057908535,0.4111553728580475,0.6289281845092773,-0.02685718983411789,0.4315865933895111,0.6447430849075317,-0.03281145542860031,0.3537275791168213,0.6709530353546143,-0.018708093091845512,0.36963748931884766,0.6641737222671509,-0.014694197103381157,0.39683037996292114,0.6769580841064453,-0.01856795698404312,0.4169844388961792,0.6914784908294678,-0.025450965389609337,0.3495821952819824,0.7334191799163818,-0.018208246678113937,0.36445313692092896,0.7224393486976624,-0.014685419388115406,0.3878653943538666,0.73087078332901,-0.012950360774993896,0.4079324007034302,0.7418574690818787,-0.015470183454453945,0.3526364266872406,0.7903229594230652,-0.018656520172953606,0.36447280645370483,0.782130777835846,-0.017737293615937233,0.38875216245651245,0.7839268445968628,-0.010820843279361725,0.4066658914089203,0.7884702086448669,-0.004907670896500349,no
0.5095487833023071,0.7787631750106812,-1.2599940646396135e-07,0.5007835626602173,0.6711330413818359,-0.0077691772021353245,0.4790899455547333,0.5831822156906128,-0.019654525443911552,0.45610061287879944,0.5090895295143127,-0.03167170658707619,0.4467492997646332,0.44957226514816284,-0.04433233290910721,0.37741196155548096,0.6064552664756775,-0.018665434792637825,0.3784947693347931,0.6069098711013794,-0.023721665143966675,0.4068872630596161,0.6260253190994263,-0.030885493382811546,0.42881807684898376,0.642255425453186,-0.03700413927435875,0.35462361574172974,0.6699354648590088,-0.020686885342001915,0.3652353286743164,0.6611911654472351,-0.0178076084703207,0.39219462871551514,0.6737443804740906,-0.02132226713001728,0.4137714207172394,0.688711941242218,-0.027551213279366493,0.34910303354263306,0.7328945398330688,-0.021017102524638176,0.36185401678085327,0.7212304472923279,-0.017206434160470963,0.3851096034049988,0.729870080947876,-0.014673078432679176,0.4061903655529022,0.740464985370636,-0.016754766926169395,0.3519049882888794,0.7904759645462036,-0.022243084385991096,0.3646619915962219,0.78416508436203,-0.020847639068961143,0.38884395360946655,0.7854400873184204,-0.013948721811175346,0.4069307744503021,0.7887746095657349,-0.008156769908964634,no
0.507917582988739,0.7767019271850586,-1.3000197895962629e-07,0.49936819076538086,0.6695839166641235,-0.007514688652008772,0.4781639277935028,0.582118809223175,-0.019292110577225685,0.45498761534690857,0.5086431503295898,-0.031230919063091278,0.44732868671417236,0.4485185146331787,-0.043822094798088074,0.3758264183998108,0.6065667867660522,-0.018707698211073875,0.3785548210144043,0.606484055519104,-0.022815942764282227,0.40726712346076965,0.6258745789527893,-0.028795840218663216,0.42872411012649536,0.64290452003479,-0.03407925367355347,0.353652685880661,0.669887125492096,-0.020542949438095093,0.3679846227169037,0.6624187231063843,-0.016450000926852226,0.3950994312763214,0.6761667132377625,-0.01930905692279339,0.4157178997993469,0.6910454630851746,-0.02545042522251606,0.34835150837898254,0.7325656414031982,-0.020588736981153488,0.364071249961853,0.7204216122627258,-0.016032636165618896,0.3870779573917389,0.729668378829956,-0.013478781096637249,0.4074232280254364,0.7407935857772827,-0.01581335812807083,0.3506874442100525,0.789934515953064,-0.02147538959980011,0.36383095383644104,0.7825651168823242,-0.019475651904940605,0.3883984088897705,0.7843191027641296,-0.012279287911951542,0.40688490867614746,0.7881882190704346,-0.006405977066606283,no
0.5089161396026611,0.7772734761238098,-6.596670942826677e-08,0.5004995465278625,0.6694532632827759,-0.007630547508597374,0.47889164090156555,0.5821725130081177,-0.01897287741303444,0.4551025629043579,0.5063990354537964,-0.030364004895091057,0.44702309370040894,0.4458730220794678,-0.0418495237827301,0.37571603059768677,0.6061081886291504,-0.015856260433793068,0.36373332142829895,0.5952705144882202,-0.018648646771907806,0.3925306499004364,0.6107901334762573,-0.023088602349162102,0.41697055101394653,0.6264542937278748,-0.02675682120025158,0.35364988446235657,0.6696743965148926,-0.016657380387187004,0.3581724464893341,0.6545348167419434,-0.011134921573102474,0.3873160779476166,0.6659640669822693,-0.01244235411286354,0.4100355803966522,0.6806021928787231,-0.01686536893248558,0.34906449913978577,0.7327856421470642,-0.015987316146492958,0.35924071073532104,0.7147504091262817,-0.010027660988271236,0.3833324611186981,0.7238436937332153,-0.006498861592262983,0.4053131639957428,0.7364509105682373,-0.007806209847331047,0.3515492379665375,0.7892482280731201,-0.016138961538672447,0.3604981005191803,0.7778293490409851,-0.012329976074397564,0.38475459814071655,0.779933512210846,-0.004269010853022337,0.40372613072395325,0.784437358379364,0.0023605595342814922,no
0.5141133666038513,0.7856534123420715,-1.5982575973794155e-07,0.5038828253746033,0.6755505800247192,-0.009385621175169945,0.48110663890838623,0.5828939080238342,-0.021817559376358986,0.45483705401420593,0.5069375038146973,-0.03344506397843361,0.4461022913455963,0.4460620880126953,-0.04531099647283554,0.37537747621536255,0.6082057952880859,-0.019135992974042892,0.3761850595474243,0.6088840961456299,-0.0223711971193552,0.405540406703949,0.6311826705932617,-0.02892780303955078,0.42763751745224,0.6489628553390503,-0.03490513190627098,0.3520636558532715,0.6720653772354126,-0.01939198561012745,0.36481958627700806,0.6641516089439392,-0.01350539829581976,0.3917258381843567,0.6785516142845154,-0.016397660598158836,0.41196712851524353,0.6942821145057678,-0.023018401116132736,0.3468151092529297,0.7345831990242004,-0.017814571037888527,0.35868412256240845,0.7238871455192566,-0.011883072555065155,0.3817782402038574,0.7330731153488159,-0.009594732895493507,0.40278372168540955,0.7451205253601074,-0.012434696778655052,0.3495175838470459,0.7917822003364563,-0.017138246446847916,0.3599279224872589,0.7849676609039307,-0.014360146597027779,0.38385114073753357,0.7868267893791199,-0.007041410077363253,0.4020819067955017,0.7910861968994141,-0.0011024618288502097,no
0.5094251036643982,0.7830621004104614,-4.860441293885742e-08,0.5006439089775085,0.6714426279067993,-0.012178540229797363,0.4788351058959961,0.5808017253875732,-0.026575103402137756,0.4555744528770447,0.5048407316207886,-0.03990134969353676,0.44520747661590576,0.44365739822387695,-0.05323520675301552,0.37120041251182556,0.6170673370361328,-0.025416910648345947,0.3662080466747284,0.6089552640914917,-0.03101177327334881,0.39710670709609985,0.6259607672691345,-0.03749767690896988,0.4201030433177948,0.643121600151062,-0.04283957555890083,0.3502805531024933,0.681831419467926,-0.025310128927230835,0.3577558696269989,0.6645832657814026,-0.022911733016371727,0.38604816794395447,0.6738383769989014,-0.02629918046295643,0.4082294702529907,0.6888195872306824,-0.03244248032569885,0.34671831130981445,0.7442634105682373,-0.02364775910973549,0.3590640425682068,0.724895179271698,-0.020216401666402817,0.38294366002082825,0.7314902544021606,-0.018039889633655548,0.40451040863990784,0.7429542541503906,-0.02048386074602604,0.3503430485725403,0.799345850944519,-0.023157505318522453,0.36153608560562134,0.7859594821929932,-0.02222730591893196,0.38576966524124146,0.7871681451797485,-0.015782002359628677,0.4042398929595947,0.7914962768554688,-0.010349002666771412,no
0.5101703405380249,0.7883345484733582,-1.6448628059606563e-07,0.49975690245628357,0.6750582456588745,-0.008307748474180698,0.4768085181713104,0.5836816430091858,-0.019796479493379593,0.4523141384124756,0.5068808197975159,-0.030662398785352707,0.4421945810317993,0.4474344253540039,-0.04162029176950455,0.37144017219543457,0.6119425892829895,-0.021672887727618217,0.37571287155151367,0.6073858737945557,-0.023068023845553398,0.4057905077934265,0.6253786087036133,-0.026192443445324898,0.42643529176712036,0.644201397895813,-0.029748685657978058,0.3504113256931305,0.6770265698432922,-0.022385789081454277,0.3652428984642029,0.6641921997070312,-0.015882564708590508,0.3921269476413727,0.6752170324325562,-0.016966065391898155,0.4120871424674988,0.6908657550811768,-0.022416889667510986,0.34690943360328674,0.7396805882453918,-0.02087247185409069,0.36173224449157715,0.72474205493927,-0.014019420370459557,0.38518714904785156,0.7318928837776184,-0.010056637227535248,0.4057764410972595,0.7441883087158203,-0.012012816965579987,0.35137298703193665,0.7965588569641113,-0.02030053362250328,0.36397939920425415,0.7853983044624329,-0.016814734786748886,0.3877430558204651,0.7864058017730713,-0.008713440038263798,0.4054419696331024,0.7906728386878967,-0.002507400931790471,no
0.510470986366272,0.7858152985572815,-9.042236825962391e-08,0.500397801399231,0.6745606660842896,-0.008063886314630508,0.47784262895584106,0.5833790898323059,-0.019430819898843765,0.4543095827102661,0.5082439184188843,-0.03023408353328705,0.44305887818336487,0.44968366622924805,-0.041011687368154526,0.371076762676239,0.6166611909866333,-0.020388206467032433,0.3668130338191986,0.608725368976593,-0.021457938477396965,0.3972659111022949,0.6233088374137878,-0.024251479655504227,0.419925719499588,0.6387103796005249,-0.02732671983540058,0.35025519132614136,0.6807808876037598,-0.020795799791812897,0.36296820640563965,0.6674871444702148,-0.013073587790131569,0.39089834690093994,0.6773098707199097,-0.013883941806852818,0.4111075699329376,0.6904177665710449,-0.01924452744424343,0.3471706509590149,0.7431747913360596,-0.01920349709689617,0.36343762278556824,0.7293041944503784,-0.011613463051617146,0.3867820203304291,0.7353127002716064,-0.00841892883181572,0.4068129360675812,0.7449268698692322,-0.011130305007100105,0.3514482080936432,0.7989022731781006,-0.01847405731678009,0.364592581987381,0.789229154586792,-0.014472932554781437,0.3886086344718933,0.7900732755661011,-0.007004577666521072,0.4065479636192322,0.7926473617553711,-0.0013799123698845506,no
0.5074840188026428,0.7866352796554565,-1.4630477096488903e-07,0.4995845854282379,0.6741039752960205,-0.009752921760082245,0.47712358832359314,0.5816888809204102,-0.021335773169994354,0.45325717329978943,0.5068838596343994,-0.03220124542713165,0.4439469277858734,0.44745492935180664,-0.043225355446338654,0.3703024089336395,0.6122690439224243,-0.020062945783138275,0.3792959451675415,0.6126185655593872,-0.021494729444384575,0.4083828926086426,0.6302565336227417,-0.025721736252307892,0.4273360073566437,0.6475432515144348,-0.030337516218423843,0.3492109179496765,0.6776458024978638,-0.02042907476425171,0.3676856756210327,0.6679465770721436,-0.014056217856705189,0.39363914728164673,0.6791747212409973,-0.016696393489837646,0.4119442403316498,0.6945942044258118,-0.02343011647462845,0.3452821671962738,0.7397629022598267,-0.018839508295059204,0.3637111783027649,0.724887490272522,-0.012844802811741829,0.38594624400138855,0.7321444749832153,-0.010484003461897373,0.404530793428421,0.7445659637451172,-0.013374979607760906,0.34903743863105774,0.7961106300354004,-0.01833084411919117,0.3633905053138733,0.7842563390731812,-0.0154256671667099,0.3866003751754761,0.7846696376800537,-0.00816336553543806,0.40344443917274475,0.7891671061515808,-0.0025726596359163523,no
0.5092329978942871,0.7854565978050232,-9.360882557984951e-08,0.4993443489074707,0.6735498905181885,-0.007865036837756634,0.47654110193252563,0.5835939645767212,-0.019006360322237015,0.4537849426269531,0.5058753490447998,-0.029596451669931412,0.44454845786094666,0.4466100335121155,-0.04015016183257103,0.3699202239513397,0.614656388759613,-0.01976722478866577,0.36647775769233704,0.6093956828117371,-0.019080495461821556,0.3966267704963684,0.6261261701583862,-0.020260315388441086,0.418912410736084,0.6431179046630859,-0.022481219843029976,0.3490853011608124,0.679542601108551,-0.02021397463977337,0.36032140254974365,0.6644620299339294,-0.011777172796428204,0.38829439878463745,0.6750877499580383,-0.012160741724073887,0.40886226296424866,0.6902864575386047,-0.017251651734113693,0.3458567261695862,0.7418802380561829,-0.018428735435009003,0.36057984828948975,0.7218484282493591,-0.010020826011896133,0.3840659260749817,0.7296767830848694,-0.006360008381307125,0.40434378385543823,0.7428738474845886,-0.008769284002482891,0.3497903347015381,0.7970777750015259,-0.01747601106762886,0.36148306727409363,0.7824268937110901,-0.012405146844685078,0.385105699300766,0.7839301824569702,-0.004191169980913401,0.40291011333465576,0.7888677716255188,0.0018629578407853842,no
0.5084895491600037,0.7859088182449341,-1.6705324412669142e-07,0.4998546838760376,0.673568069934845,-0.009110766462981701,0.4771701991558075,0.5815892815589905,-0.020239563658833504,0.4537646174430847,0.5062810778617859,-0.0307379812002182,0.4456419050693512,0.44695845246315,-0.041651856154203415,0.37126481533050537,0.6113646030426025,-0.01975332573056221,0.38490617275238037,0.6138777136802673,-0.02053583413362503,0.41252195835113525,0.632587194442749,-0.024546146392822266,0.4292890131473541,0.6507817506790161,-0.029182439669966698,0.3494495749473572,0.6761601567268372,-0.020317014306783676,0.37153494358062744,0.6692583560943604,-0.012913882732391357,0.3960200250148773,0.6816222071647644,-0.015174293890595436,0.4130982756614685,0.6968399882316589,-0.022138478234410286,0.3451281487941742,0.7380126118659973,-0.018809009343385696,0.36463338136672974,0.7254879474639893,-0.011897055432200432,0.3862263262271881,0.7335832118988037,-0.009269815869629383,0.40423446893692017,0.7454899549484253,-0.012396572157740593,0.34879958629608154,0.7946953773498535,-0.018375661224126816,0.3628692924976349,0.785591185092926,-0.014819054864346981,0.3857968747615814,0.7865847945213318,-0.007325284648686647,0.40271592140197754,0.7906256914138794,-0.001869657775387168,no
0.5099530220031738,0.7869266867637634,-1.5714613255113363e-07,0.5007646679878235,0.674609363079071,-0.008955203928053379,0.47782614827156067,0.582313597202301,-0.020106954500079155,0.45484837889671326,0.5050753951072693,-0.030549125745892525,0.4446928799152374,0.44667112827301025,-0.041217319667339325,0.37152209877967834,0.6145622134208679,-0.02090589888393879,0.3811611235141754,0.6141613125801086,-0.022004958242177963,0.411468505859375,0.6328328251838684,-0.02553664520382881,0.4308091104030609,0.6513285040855408,-0.029653096571564674,0.3499838411808014,0.6785393953323364,-0.02134636975824833,0.37019190192222595,0.6691131591796875,-0.014157073572278023,0.3968888521194458,0.6811354160308838,-0.016326652839779854,0.4144597351551056,0.696311891078949,-0.02322222851216793,0.34568607807159424,0.7396511435508728,-0.019658474251627922,0.3655078411102295,0.7250056862831116,-0.012769779190421104,0.38832104206085205,0.7321783304214478,-0.010235089808702469,0.4060952365398407,0.743938684463501,-0.01352130901068449,0.34892213344573975,0.7950262427330017,-0.018944120034575462,0.3632725179195404,0.7836166620254517,-0.015335406176745892,0.386762797832489,0.7842420935630798,-0.007890116423368454,0.4036082625389099,0.7884806990623474,-0.002475613495334983,no
0.5119972229003906,0.7853922843933105,-1.5909115802514862e-07,0.5025460124015808,0.6752593517303467,-0.009010500274598598,0.47901836037635803,0.5840875506401062,-0.020077595487236977,0.4554778039455414,0.5073821544647217,-0.03047175519168377,0.4452130198478699,0.448725163936615,-0.04118209704756737,0.37313956022262573,0.6135385632514954,-0.02040252648293972,0.38334524631500244,0.616318941116333,-0.022226877510547638,0.41225165128707886,0.6354207396507263,-0.02646455727517605,0.43091171979904175,0.6534551978111267,-0.03091380000114441,0.3512915074825287,0.6774840354919434,-0.020980097353458405,0.3689868152141571,0.669910192489624,-0.014980511739850044,0.395287424325943,0.6823927164077759,-0.017376180738210678,0.41392946243286133,0.6973340511322021,-0.0238058939576149,0.3465230166912079,0.73870849609375,-0.01950838975608349,0.36433854699134827,0.7258448600769043,-0.013343844562768936,0.3870193362236023,0.7334328293800354,-0.010502411052584648,0.4057186543941498,0.744521975517273,-0.013117756694555283,0.34944450855255127,0.7944644689559937,-0.01907305233180523,0.3644504249095917,0.7850968837738037,-0.01586146280169487,0.38795751333236694,0.7861135005950928,-0.008384638465940952,0.4045848250389099,0.7898382544517517,-0.002677999436855316,no
0.5127080082893372,0.7866420149803162,-1.5351470494806563e-07,0.5028609037399292,0.6760297417640686,-0.00891168974339962,0.47936564683914185,0.5850594639778137,-0.020267555490136147,0.45545831322669983,0.5088040828704834,-0.030988231301307678,0.44492271542549133,0.4489346742630005,-0.04212993010878563,0.37412551045417786,0.6137412190437317,-0.01944245956838131,0.3830319941043854,0.620447039604187,-0.02099042758345604,0.4114583432674408,0.6406636834144592,-0.025408627465367317,0.42974185943603516,0.6578970551490784,-0.030111849308013916,0.35197052359580994,0.6771402955055237,-0.020071271806955338,0.3700040280818939,0.6720064878463745,-0.013860896229743958,0.3965986669063568,0.6849188208580017,-0.016777867451310158,0.4149669110774994,0.6992337107658386,-0.023637734353542328,0.34689852595329285,0.7386288642883301,-0.018641434609889984,0.3664435148239136,0.7269536256790161,-0.012023436836898327,0.38898396492004395,0.7350773215293884,-0.00967562198638916,0.40691202878952026,0.746033251285553,-0.012782884761691093,0.3492873013019562,0.7945740818977356,-0.018274778500199318,0.3651391267776489,0.7853854298591614,-0.014444488100707531,0.38879314064979553,0.7867172956466675,-0.0071278708055615425,0.405108779668808,0.790525496006012,-0.001698075677268207,no
0.5126441717147827,0.784518837928772,-1.3075799643047503e-07,0.5023773908615112,0.6742514967918396,-0.00993176270276308,0.4787997901439667,0.5834984183311462,-0.021402962505817413,0.45482417941093445,0.5091444849967957,-0.03200938180088997,0.44391095638275146,0.45074939727783203,-0.04264278709888458,0.37354713678359985,0.6143953204154968,-0.02072490006685257,0.3820531368255615,0.6126191020011902,-0.02315077744424343,0.41205400228500366,0.6298985481262207,-0.027162771672010422,0.43261706829071045,0.6473665237426758,-0.031200384721159935,0.3520478904247284,0.6776142120361328,-0.020905138924717903,0.36803728342056274,0.6670023202896118,-0.01613100804388523,0.39546164870262146,0.6785712242126465,-0.018892383202910423,0.41565096378326416,0.6932748556137085,-0.025016458705067635,0.34714657068252563,0.738582968711853,-0.0192228015512228,0.36566123366355896,0.7230380773544312,-0.014100030064582825,0.3886699080467224,0.730394721031189,-0.011803580448031425,0.4076460003852844,0.7417451739311218,-0.014399315230548382,0.3499627709388733,0.7939289808273315,-0.018583187833428383,0.36538755893707275,0.7828820943832397,-0.016060087829828262,0.3891707956790924,0.7836681604385376,-0.00910117942839861,0.4059631824493408,0.7872918248176575,-0.0035571493208408356,no
0.5128165483474731,0.784049391746521,-1.4364444211878435e-07,0.5023961067199707,0.6740469336509705,-0.009679126553237438,0.4785596430301666,0.5834950804710388,-0.021541478112339973,0.45439285039901733,0.5091078281402588,-0.03259044140577316,0.44388696551322937,0.44934213161468506,-0.043849214911460876,0.37386178970336914,0.6142228841781616,-0.021064788103103638,0.38257837295532227,0.6168202757835388,-0.023023854941129684,0.4124082326889038,0.6349819898605347,-0.027134642004966736,0.43213024735450745,0.6520645618438721,-0.03147284686565399,0.3522087037563324,0.6772383451461792,-0.021151399239897728,0.37153923511505127,0.6705061197280884,-0.015275534242391586,0.39847323298454285,0.6826997399330139,-0.018188362941145897,0.41718190908432007,0.6968840956687927,-0.025060972198843956,0.3471169173717499,0.7382230162620544,-0.01923503540456295,0.3679825961589813,0.7254064679145813,-0.012917233631014824,0.3905746340751648,0.7326434254646301,-0.011025046929717064,0.4086158871650696,0.7430384159088135,-0.014516154304146767,0.3496641218662262,0.7939035892486572,-0.018375376239418983,0.3657296299934387,0.7838332653045654,-0.014979241415858269,0.38963592052459717,0.7842985391616821,-0.008143460378050804,0.4066915810108185,0.7876615524291992,-0.003041550749912858,no
0.5109156370162964,0.7845232486724854,-1.5622136118054186e-07,0.5015683770179749,0.6744058728218079,-0.010876032523810863,0.47803062200546265,0.5824787616729736,-0.02253527007997036,0.4543653428554535,0.5090764164924622,-0.03327464312314987,0.4437769949436188,0.45079901814460754,-0.04425712302327156,0.3740008473396301,0.6142576932907104,-0.021222099661827087,0.3881319761276245,0.6126925945281982,-0.02546411193907261,0.4167478680610657,0.6300828456878662,-0.031802449375391006,0.43521419167518616,0.647680938243866,-0.03749697655439377,0.35241565108299255,0.6774746775627136,-0.02103731967508793,0.37469375133514404,0.6683915257453918,-0.017643291503190994,0.400715172290802,0.680500328540802,-0.021950973197817802,0.41879215836524963,0.6958221793174744,-0.02943268232047558,0.3472265303134918,0.7379311323165894,-0.019256511703133583,0.3691595792770386,0.7236952185630798,-0.015397407114505768,0.3911905884742737,0.7305366396903992,-0.01444729883223772,0.40875017642974854,0.7416370511054993,-0.018050136044621468,0.3500562012195587,0.7936743497848511,-0.018643954768776894,0.3680720925331116,0.7823935747146606,-0.01721274107694626,0.3916432857513428,0.7827200293540955,-0.011499891988933086,0.4078294634819031,0.7868009209632874,-0.006997694727033377,no
0.5125170350074768,0.7833345532417297,-1.5620781823599827e-07,0.5024694800376892,0.6736481785774231,-0.009730606339871883,0.47834527492523193,0.5828534960746765,-0.021137407049536705,0.45416101813316345,0.5090750455856323,-0.03179064765572548,0.44333377480506897,0.4503805339336395,-0.0428723581135273,0.37458914518356323,0.6136290431022644,-0.02084549330174923,0.3875601589679718,0.6192224621772766,-0.02400118298828602,0.4150339663028717,0.63740473985672,-0.02971218153834343,0.43227577209472656,0.6540426015853882,-0.03519343584775925,0.3525204658508301,0.6763834357261658,-0.02115355245769024,0.3738797903060913,0.672379732131958,-0.015747088938951492,0.39917510747909546,0.6843559741973877,-0.019092243164777756,0.4167051911354065,0.6978357434272766,-0.02659793756902218,0.3473336100578308,0.7372621297836304,-0.01967284455895424,0.36904096603393555,0.7262493371963501,-0.01425477210432291,0.39086684584617615,0.733610212802887,-0.012651910074055195,0.4084024429321289,0.7438570857048035,-0.01638788729906082,0.35019364953041077,0.7936590909957886,-0.01932726614177227,0.36742913722991943,0.7853142023086548,-0.01689872145652771,0.3909696638584137,0.785269558429718,-0.010795727372169495,0.40752890706062317,0.7881968021392822,-0.006332318298518658,no
0.5111895799636841,0.7835720181465149,-1.4743363863090053e-07,0.5024026036262512,0.6741952896118164,-0.010090173222124577,0.4792596995830536,0.5832805633544922,-0.021231837570667267,0.45474496483802795,0.5103219747543335,-0.03171291947364807,0.44385698437690735,0.4517083168029785,-0.04250415414571762,0.3744720220565796,0.6130151748657227,-0.018970375880599022,0.38638681173324585,0.6160660982131958,-0.021658308804035187,0.41445767879486084,0.6335272789001465,-0.02697930671274662,0.4331146478652954,0.6502925157546997,-0.03211861103773117,0.3525514304637909,0.6756390333175659,-0.018877429887652397,0.3729037344455719,0.6701726913452148,-0.014034941792488098,0.39867666363716125,0.6820136308670044,-0.018116198480129242,0.41745415329933167,0.6963625550270081,-0.025617633014917374,0.3469209671020508,0.7359874844551086,-0.01711137220263481,0.36856067180633545,0.7245151400566101,-0.011931146495044231,0.3906158208847046,0.7323126196861267,-0.011247020214796066,0.40886202454566956,0.7433265447616577,-0.01525658555328846,0.3491677939891815,0.7915717363357544,-0.016496185213327408,0.3668611943721771,0.782875657081604,-0.0141484085470438,0.39067137241363525,0.7837733030319214,-0.00865039974451065,0.4077697694301605,0.7875813245773315,-0.004410928580909967,no
0.511185348033905,0.7823915481567383,-1.338093369440685e-07,0.5022018551826477,0.6736111640930176,-0.009420274756848812,0.4790072441101074,0.5830668210983276,-0.020138483494520187,0.4544021189212799,0.5096983909606934,-0.030218273401260376,0.4437556266784668,0.45111674070358276,-0.04060952365398407,0.3741859793663025,0.6132099032402039,-0.018741324543952942,0.3842932879924774,0.6159234046936035,-0.0204799622297287,0.412813276052475,0.6325278878211975,-0.024826407432556152,0.43234938383102417,0.6484564542770386,-0.029292115941643715,0.35220959782600403,0.6758734583854675,-0.018728863447904587,0.37108471989631653,0.6697949171066284,-0.01256540697067976,0.3969138562679291,0.6809765696525574,-0.015555488876998425,0.41615304350852966,0.6944331526756287,-0.022488102316856384,0.34694284200668335,0.7364468574523926,-0.016961295157670975,0.36752215027809143,0.7244402766227722,-0.010866471566259861,0.38972488045692444,0.7319731116294861,-0.009491401724517345,0.40839529037475586,0.7424720525741577,-0.013193534687161446,0.349600225687027,0.791948676109314,-0.0162742231041193,0.36602091789245605,0.7833821773529053,-0.013271993026137352,0.38981032371520996,0.7837877869606018,-0.00722118653357029,0.40747034549713135,0.7868772745132446,-0.002661493606865406,no
0.5124778747558594,0.7892928123474121,-1.3386573982643313e-07,0.5032856464385986,0.6779271960258484,-0.011358821764588356,0.4783400297164917,0.5855666399002075,-0.023256998509168625,0.4526165723800659,0.51137775182724,-0.033959291875362396,0.4408249258995056,0.45155590772628784,-0.04495929926633835,0.37179914116859436,0.6166338324546814,-0.021380705758929253,0.3872608542442322,0.6157701015472412,-0.024873990565538406,0.41636529564857483,0.6343618631362915,-0.03131842240691185,0.43325749039649963,0.6523953080177307,-0.03750348091125488,0.35016173124313354,0.6812797784805298,-0.020945873111486435,0.37392035126686096,0.6704014539718628,-0.016491878777742386,0.40030476450920105,0.6808831095695496,-0.02094625122845173,0.4171825647354126,0.6965466141700745,-0.029074721038341522,0.3456294536590576,0.7426472306251526,-0.01889915205538273,0.3707142770290375,0.7286988496780396,-0.01424736063927412,0.3929537534713745,0.7352438569068909,-0.014072317630052567,0.4092319905757904,0.7473989129066467,-0.018654050305485725,0.348693311214447,0.7980276942253113,-0.018079884350299835,0.3682805895805359,0.7857661247253418,-0.01639368198812008,0.3924592137336731,0.7865261435508728,-0.011304325424134731,0.40888941287994385,0.7918498516082764,-0.007499219384044409,no
0.5139058828353882,0.7868746519088745,-1.6021957094380923e-07,0.5033226609230042,0.6767106652259827,-0.010694698430597782,0.477485328912735,0.5860285758972168,-0.022867567837238312,0.4517257511615753,0.5124316215515137,-0.0344473198056221,0.44046249985694885,0.4515233337879181,-0.046457141637802124,0.3743474781513214,0.616802453994751,-0.020206982269883156,0.38540393114089966,0.619260311126709,-0.026197880506515503,0.41344496607780457,0.6375676393508911,-0.03488080948591232,0.43233710527420044,0.6537375450134277,-0.04228249564766884,0.35243457555770874,0.6805040836334229,-0.02075112797319889,0.37203672528266907,0.6752341985702515,-0.018807167187333107,0.39823755621910095,0.6865750551223755,-0.024631736800074577,0.4167071580886841,0.7004048228263855,-0.03300398960709572,0.3473949134349823,0.7417917251586914,-0.019856899976730347,0.3678812086582184,0.7314329743385315,-0.01672234944999218,0.3898078501224518,0.7377813458442688,-0.016354169696569443,0.40686821937561035,0.7470805644989014,-0.020322250202298164,0.35060757398605347,0.7976152896881104,-0.020201776176691055,0.3686893582344055,0.788959801197052,-0.019094809889793396,0.39203783869743347,0.7896149158477783,-0.013746708631515503,0.40764573216438293,0.7933500409126282,-0.009518297389149666,no
0.5125523805618286,0.788185715675354,-1.6670475133651053e-07,0.5034645795822144,0.6796843409538269,-0.01182225625962019,0.4768834710121155,0.5864672064781189,-0.023516152054071426,0.45112913846969604,0.5122319459915161,-0.03444094583392143,0.43976539373397827,0.451632559299469,-0.045720476657152176,0.3733612596988678,0.6156474947929382,-0.01955912820994854,0.3879297971725464,0.6155233979225159,-0.02656499482691288,0.4172082245349884,0.6334803104400635,-0.035997532308101654,0.4362342655658722,0.6497825384140015,-0.04369548708200455,0.35146984457969666,0.6790675520896912,-0.01960860565304756,0.37288999557495117,0.6709198355674744,-0.019708776846528053,0.40000250935554504,0.682759165763855,-0.02639382891356945,0.41928887367248535,0.6977146863937378,-0.03459915891289711,0.3456226885318756,0.7401706576347351,-0.01854255050420761,0.36592674255371094,0.7286962270736694,-0.01763680763542652,0.3890155553817749,0.7359563708305359,-0.017991745844483376,0.407103955745697,0.7460764646530151,-0.02163507416844368,0.34777283668518066,0.7962585091590881,-0.018743092194199562,0.3650144934654236,0.7874946594238281,-0.019778195768594742,0.38956746459007263,0.7886552810668945,-0.015197042375802994,0.4061228036880493,0.7921576499938965,-0.010938562452793121,no
0.5111360549926758,0.7862783074378967,-1.5249177920395596e-07,0.501848042011261,0.6759311556816101,-0.012392571195960045,0.4763956069946289,0.5846737623214722,-0.024355769157409668,0.4509141743183136,0.5116289258003235,-0.035032108426094055,0.43969637155532837,0.45180609822273254,-0.046055328100919724,0.37287503480911255,0.6183017492294312,-0.023206809535622597,0.388814777135849,0.6200945377349854,-0.027877170592546463,0.41719403862953186,0.6375908851623535,-0.03470724821090698,0.43398791551589966,0.6548328995704651,-0.040983036160469055,0.3515493869781494,0.6819034218788147,-0.022551288828253746,0.37495627999305725,0.6744593381881714,-0.019789960235357285,0.4009729325771332,0.6853435039520264,-0.024760760366916656,0.4181023836135864,0.7002058029174805,-0.03296909108757973,0.34726816415786743,0.7423126697540283,-0.020346293225884438,0.36994698643684387,0.7293420433998108,-0.017403144389390945,0.39172759652137756,0.7359017729759216,-0.01734205335378647,0.4079858064651489,0.746999979019165,-0.021678121760487556,0.35086578130722046,0.7975144982337952,-0.019381068646907806,0.36804813146591187,0.7875398993492126,-0.019225632771849632,0.39130762219429016,0.7873913049697876,-0.014523930847644806,0.40724214911460876,0.791236400604248,-0.010845480486750603,no
0.5140308141708374,0.7894690036773682,-1.481037656958506e-07,0.5034504532814026,0.6795064806938171,-0.011324253864586353,0.47732850909233093,0.5873792767524719,-0.023144986480474472,0.4516156017780304,0.5130683779716492,-0.034140102565288544,0.44065049290657043,0.45240432024002075,-0.04537706822156906,0.3726334571838379,0.616751492023468,-0.018677808344364166,0.3871663808822632,0.6139382719993591,-0.023228393867611885,0.41634106636047363,0.6316583752632141,-0.03086734749376774,0.4342680275440216,0.6491912007331848,-0.03772900626063347,0.3513117730617523,0.6802866458892822,-0.01864004321396351,0.37291669845581055,0.6680735349655151,-0.01613384671509266,0.3994029462337494,0.6799946427345276,-0.021813679486513138,0.41721659898757935,0.6968753337860107,-0.029956836253404617,0.34660476446151733,0.7410408854484558,-0.017241807654500008,0.36721372604370117,0.7236937880516052,-0.01390500646084547,0.3901774287223816,0.7315934896469116,-0.013567393645644188,0.4076054096221924,0.7446526288986206,-0.01733606494963169,0.3500753939151764,0.7959445118904114,-0.01708720438182354,0.3662104606628418,0.7819826006889343,-0.01593417301774025,0.39059582352638245,0.7834122776985168,-0.010356924496591091,0.40740033984184265,0.7892801761627197,-0.005818796344101429,no
0.5129182934761047,0.7890077233314514,-1.4075102683364094e-07,0.5030245780944824,0.6798539757728577,-0.012430950999259949,0.4764922261238098,0.5868996381759644,-0.024722784757614136,0.4507071375846863,0.5123263001441956,-0.035997502505779266,0.4394271671772003,0.45088666677474976,-0.047575607895851135,0.3716827929019928,0.6168157458305359,-0.020616281777620316,0.38849925994873047,0.6171045899391174,-0.02669970691204071,0.4180861711502075,0.6349411606788635,-0.03550227731466293,0.4358128309249878,0.6515373587608337,-0.04304294288158417,0.35006844997406006,0.680247962474823,-0.02028467133641243,0.37395358085632324,0.6703511476516724,-0.019203495234251022,0.40067481994628906,0.6812341213226318,-0.025548527017235756,0.41884762048721313,0.6969937086105347,-0.03406684473156929,0.3450682759284973,0.7413143515586853,-0.01876857690513134,0.3683345317840576,0.7270998358726501,-0.016759289428591728,0.39116549491882324,0.7336224317550659,-0.017200257629156113,0.4083719849586487,0.7448287010192871,-0.02139166370034218,0.3481537103652954,0.7970777750015259,-0.018598709255456924,0.36760202050209045,0.785241961479187,-0.01878131553530693,0.39166760444641113,0.7859514355659485,-0.014481165446341038,0.4074893295764923,0.7904254198074341,-0.010816643945872784,no
0.5119529366493225,0.7888200283050537,-1.5408447495701694e-07,0.5022348165512085,0.6786224842071533,-0.012062246911227703,0.4760957360267639,0.5869002938270569,-0.02400682121515274,0.45064350962638855,0.5125933289527893,-0.035010043531656265,0.4388960897922516,0.4515833258628845,-0.04651867225766182,0.3717033863067627,0.6174416542053223,-0.02030905708670616,0.3880639970302582,0.6218957901000977,-0.02516794763505459,0.41628092527389526,0.6404306888580322,-0.03358620032668114,0.4326251149177551,0.6566894054412842,-0.04120170697569847,0.3505709171295166,0.6812471747398376,-0.020015839487314224,0.37478071451187134,0.6746764779090881,-0.017324553802609444,0.4009106755256653,0.6853956580162048,-0.023590734228491783,0.418229877948761,0.7002040147781372,-0.03266245126724243,0.34639543294906616,0.7420859932899475,-0.018330195918679237,0.3703533411026001,0.7298951745033264,-0.014921366237103939,0.3922540545463562,0.7362251877784729,-0.015553480945527554,0.4083143472671509,0.7471016049385071,-0.020420456305146217,0.3500720262527466,0.7975509762763977,-0.01800641417503357,0.3691155016422272,0.7874049544334412,-0.017231827601790428,0.3924008905887604,0.7879265546798706,-0.012814722023904324,0.4077841639518738,0.7925359606742859,-0.009435824118554592,no
0.5116584300994873,0.7895569801330566,-1.5228424388169515e-07,0.5022150278091431,0.6792671084403992,-0.012145640328526497,0.47616714239120483,0.5871267914772034,-0.024113330990076065,0.4504517614841461,0.5126883387565613,-0.03510378673672676,0.43865540623664856,0.45125436782836914,-0.04657398536801338,0.37162142992019653,0.6173727512359619,-0.020038284361362457,0.38778865337371826,0.6214983463287354,-0.02470831200480461,0.41605064272880554,0.640017032623291,-0.03292426839470863,0.43242353200912476,0.656340479850769,-0.0403982438147068,0.35031384229660034,0.6809090971946716,-0.01959739625453949,0.37473171949386597,0.6741587519645691,-0.0166784655302763,0.4008418023586273,0.6851139664649963,-0.0228381659835577,0.4180169105529785,0.7000361084938049,-0.03184501826763153,0.3460281491279602,0.741661548614502,-0.01778799667954445,0.37014731764793396,0.7291744351387024,-0.01424148865044117,0.39204147458076477,0.7356100678443909,-0.014919141307473183,0.4080691337585449,0.7465870380401611,-0.019823189824819565,0.3496135175228119,0.7972273230552673,-0.017330531030893326,0.36892396211624146,0.7867665886878967,-0.01648460142314434,0.3922741115093231,0.7871846556663513,-0.012153370305895805,0.40765953063964844,0.7918158769607544,-0.00882237683981657,no
0.5116499066352844,0.7888023853302002,-1.4143893167783972e-07,0.5016665458679199,0.6784182786941528,-0.011430260725319386,0.475423127412796,0.5877411365509033,-0.023750977590680122,0.4499814808368683,0.5132923126220703,-0.035043470561504364,0.4378509819507599,0.4515953063964844,-0.04679543152451515,0.37134498357772827,0.6189104318618774,-0.021627848967909813,0.3842565715312958,0.6226342916488647,-0.02593945898115635,0.41364872455596924,0.6406283378601074,-0.033116236329078674,0.43153801560401917,0.6567307710647583,-0.03967798873782158,0.3502362370491028,0.6824243664741516,-0.021287398412823677,0.37209680676460266,0.6757015585899353,-0.01727919839322567,0.3983958959579468,0.686183750629425,-0.022112056612968445,0.4159882068634033,0.6996749043464661,-0.030429713428020477,0.3461686074733734,0.7434535026550293,-0.01937822252511978,0.3684421181678772,0.7308951020240784,-0.01509897317737341,0.39041754603385925,0.7366296648979187,-0.014943824149668217,0.40701040625572205,0.74632728099823,-0.019496416673064232,0.34992626309394836,0.7989550828933716,-0.01866668462753296,0.36751940846443176,0.7892700433731079,-0.017269091680645943,0.39070650935173035,0.7887711524963379,-0.012235281057655811,0.40660399198532104,0.7920534014701843,-0.008459542877972126,no
0.5100343823432922,0.7890069484710693,-1.656253232340532e-07,0.5012209415435791,0.6790006756782532,-0.012190673500299454,0.47460490465164185,0.5873511433601379,-0.02455195039510727,0.4486849308013916,0.5137162804603577,-0.03599821776151657,0.43701550364494324,0.4518674612045288,-0.04795961454510689,0.3711920380592346,0.6179665923118591,-0.02104850672185421,0.3871499001979828,0.6190083622932434,-0.02714211866259575,0.41669294238090515,0.6372970938682556,-0.03594113513827324,0.434222936630249,0.6548632383346558,-0.043481528759002686,0.3498404622077942,0.6806836724281311,-0.020542655140161514,0.3751537501811981,0.6734725832939148,-0.018618464469909668,0.4015236794948578,0.6846869587898254,-0.024608151987195015,0.4189832806587219,0.6997661590576172,-0.03333493322134018,0.3449271321296692,0.7413925528526306,-0.018757956102490425,0.36842334270477295,0.7288557291030884,-0.016076453030109406,0.3908061683177948,0.7351933121681213,-0.016229679808020592,0.40749886631965637,0.7460037469863892,-0.020620334893465042,0.3479939103126526,0.7973796129226685,-0.018279876559972763,0.3667523264884949,0.7877382040023804,-0.018027184531092644,0.39010730385780334,0.7875753045082092,-0.013419954106211662,0.40573614835739136,0.7916004657745361,-0.009741364978253841,no
0.5101809501647949,0.7897478342056274,-1.3582145186319394e-07,0.5010712146759033,0.6787634491920471,-0.012874002568423748,0.4738367199897766,0.5871065258979797,-0.025835204869508743,0.44739076495170593,0.512213945388794,-0.037665531039237976,0.4355756342411041,0.4475361704826355,-0.05005509778857231,0.370061993598938,0.6180582642555237,-0.021551180630922318,0.3860986530780792,0.622572660446167,-0.026667091995477676,0.41520336270332336,0.6404179334640503,-0.03482263162732124,0.4320214092731476,0.6560887098312378,-0.04218383505940437,0.3487330973148346,0.6815012693405151,-0.020671099424362183,0.3733949363231659,0.6758165955543518,-0.017376990988850594,0.3997383415699005,0.686665952205658,-0.02281620167195797,0.41690313816070557,0.7008700370788574,-0.031586576253175735,0.34439244866371155,0.7428825497627258,-0.01849149726331234,0.36812037229537964,0.730485737323761,-0.014978175982832909,0.3906557857990265,0.7363981008529663,-0.014952478930354118,0.40727537870407104,0.7465277910232544,-0.019542261958122253,0.34802180528640747,0.7991408705711365,-0.017657846212387085,0.3669981062412262,0.7889184355735779,-0.016875864937901497,0.39064404368400574,0.7881657481193542,-0.012158684432506561,0.40630602836608887,0.7919804453849792,-0.008607341907918453,no
0.5107364058494568,0.7906013131141663,-1.379711846993814e-07,0.5005100965499878,0.678865373134613,-0.01123027503490448,0.47341978549957275,0.5880007743835449,-0.023269349709153175,0.44777071475982666,0.5132105946540833,-0.03458772599697113,0.43569955229759216,0.4507472515106201,-0.04647659882903099,0.36973050236701965,0.6192625761032104,-0.01926571875810623,0.38384056091308594,0.6208518743515015,-0.023665335029363632,0.41292986273765564,0.6383747458457947,-0.031835827976465225,0.4305378198623657,0.6541761159896851,-0.039299193769693375,0.3493107557296753,0.6831337213516235,-0.019036727026104927,0.3716171383857727,0.6745782494544983,-0.015231531113386154,0.3976593613624573,0.6849188804626465,-0.020886840298771858,0.415404736995697,0.7000148892402649,-0.029778454452753067,0.3456456959247589,0.7443468570709229,-0.017413610592484474,0.36709702014923096,0.729849636554718,-0.01293535903096199,0.389255166053772,0.7352625727653503,-0.012862463481724262,0.4061959683895111,0.7459737062454224,-0.017528828233480453,0.3496980667114258,0.7997710704803467,-0.017059743404388428,0.3672492802143097,0.7880899906158447,-0.015204770490527153,0.39032748341560364,0.7876213788986206,-0.010119548067450523,0.40600258111953735,0.7920913696289062,-0.0064573343843221664,no
0.5098700523376465,0.7900916337966919,-1.4677365811621712e-07,0.500190794467926,0.6795672178268433,-0.010294985957443714,0.4736936092376709,0.5891454815864563,-0.022313667461276054,0.4474053680896759,0.5142388343811035,-0.03366948291659355,0.4352126121520996,0.45045220851898193,-0.045610420405864716,0.3709392845630646,0.6174295544624329,-0.018243612721562386,0.3828868269920349,0.6227332353591919,-0.021644234657287598,0.4120177626609802,0.6415117383003235,-0.028989126905798912,0.430235892534256,0.6568307876586914,-0.035885877907276154,0.34963878989219666,0.6808394193649292,-0.018137482926249504,0.37185946106910706,0.6768507361412048,-0.012940553016960621,0.3980853855609894,0.6883931756019592,-0.01799781620502472,0.415667861700058,0.702309250831604,-0.026698647066950798,0.3450937867164612,0.7424423098564148,-0.016471577808260918,0.36675378680229187,0.731579065322876,-0.010704291984438896,0.38897281885147095,0.7377395629882812,-0.010325313545763493,0.40591737627983093,0.7475038170814514,-0.015110664069652557,0.3482988476753235,0.7985047101974487,-0.015970170497894287,0.36545252799987793,0.7889322638511658,-0.013052954338490963,0.3889302909374237,0.7889896631240845,-0.00736023997887969,0.40491950511932373,0.7929218411445618,-0.003382378723472357,no
